region_id,n,zones,lonmin,lonmax,latmin,latmax,span_km,members
heard_mcdonald,8,43S,72.57732,73.7189,-53.1141,-53.0243,61,"Heard_Island_60m,Heard_Island_Atlas_Cove,Heard_Island_Atlas_Cove_2,Heard_Island_Big_Ben,Heard_Island_Compton_Lagoon,Heard_Island_Spit_Bay,Heard_Island_Spit_Bay_2,McDonald_Island"
casey_station,2,49S,110.5267,110.5267,-66.2825,-66.2825,0,"Casey_Station,Casey_Station_2"
dome_c_north,2,51S,122.5206,123.3322,-75.3413,-75.0997,35,"Concordia_Station,Dome_C_North"
eyjafjordur,2,27N,-18.127,-18.127,65.85,65.85,0,"Eyjafjordur,Eyjafjordur_Fjord"
kerguelen_island_100m,2,42S,69.5,70.04633,-49.47643,-49.35,42,"Kerguelen_Island_100m,Kerguelen_Island_Esperance"
macquarie_island_south,2,57S,158.8252,158.9384,-54.7556,-54.4987,29,"Macquarie_Island_South,Macquarie_Island_Station"
mawson_station,2,41S,62.817,62.8742,-67.6033,-67.583,3,"Bechervaise_Island,Mawson_Station"
point_geology,2,54S,139.9978,140.01612,-66.67453,-66.6651,1,"Dumont_dUrville_Station,Point_Geology"
amanda_bay,1,43S,76.82765,76.82765,-69.27298,-69.27298,0,Amanda_Bay
amundsen_bay,1,39S,50.55501,50.55501,-66.78711,-66.78711,0,Amundsen_Bay
astrid_coast,1,32S,8.322,8.322,-69.943,-69.943,0,Astrid_Coast
atka_bay,1,29S,-8.138,-8.138,-70.585,-70.585,0,Atka_Bay
auster,1,41S,63.9515,63.9515,-67.40432,-67.40432,0,Auster
barrier_bay,1,44S,81.951,81.951,-67.165,-67.165,0,Barrier_Bay
bear_peninsula,1,12S,-110.184,-110.184,-74.472,-74.472,0,Bear_Peninsula
beaufort_island,1,58S,166.92,166.92,-76.931,-76.931,0,Beaufort_Island
bowman_island,1,48S,103.19673,103.19673,-65.23809,-65.23809,0,Bowman_Island
brownson_islands,1,13S,-103.6405,-103.6405,-74.13947,-74.13947,0,Brownson_Islands
bryan_coast,1,16S,-85.394,-85.394,-73.256,-73.256,0,Bryan_Coast
campbell_island,1,59S,169.0854,169.0854,-52.54646,-52.54646,0,Campbell_Island
cape_colbeck,1,04S,-157.577,-157.577,-77.155,-77.155,0,Cape_Colbeck
cape_crozier,1,59S,169.272,169.272,-77.451,-77.451,0,Cape_Crozier
cape_darlington,1,20S,-60.177,-60.177,-71.984,-71.984,0,Cape_Darlington
cape_denison,1,54S,142.663,142.663,-67.0086,-67.0086,0,Cape_Denison
cape_gates,1,10S,-122.714,-122.714,-73.671,-73.671,0,Cape_Gates
cape_poinsett,1,49S,113.2796,113.2796,-65.80988,-65.80988,0,Cape_Poinsett
cape_roget,1,59S,170.623,170.623,-71.985,-71.985,0,Cape_Roget
cape_washington,1,58S,165.394,165.394,-74.648,-74.648,0,Cape_Washington
casey_bay,1,38S,46.97604,46.97604,-67.3094,-67.3094,0,Casey_Bay
coulman_island,1,59S,169.643,169.643,-73.338,-73.338,0,Coulman_Island
cruzen_island,1,07S,-140.308,-140.308,-74.732,-74.732,0,Cruzen_Island
davies_bay,1,57S,158.439,158.439,-69.333,-69.333,0,Davies_Bay
davis_station,1,43S,77.9675,77.9675,-68.5767,-68.5767,0,Davis_Station
dawson_lampton_ice_tongue,1,26S,-26.76,-26.76,-76.071,-76.071,0,Dawson_Lampton_Ice_Tongue
dibble_glacier,1,53S,134.72714,134.72714,-65.95815,-65.95815,0,Dibble_Glacier
dion_islands,1,19S,-68.704,-68.704,-67.866,-67.866,0,Dion_Islands
dolleman_island,1,20S,-60.554,-60.554,-70.686,-70.686,0,Dolleman_Island
drescher_inlet,1,27S,-19.302,-19.302,-72.813,-72.813,0,Drescher_Inlet
flutter,1,42S,69.69727,69.69727,-67.8821,-67.8821,0,Flutter
fold_island,1,40S,59.263,59.263,-67.30473,-67.30473,0,Fold_Island
franklin_island,1,59S,168.393,168.393,-76.178,-76.178,0,Franklin_Island
gould_bay,1,22S,-48.263,-48.263,-77.626,-77.626,0,Gould_Bay
halley_bay,1,26S,-27.278,-27.278,-75.495,-75.495,0,Halley_Bay
haswell_island,1,46S,93.00631,93.00631,-66.53094,-66.53094,0,Haswell_Island
jason_peninsula,1,20S,-60.658,-60.658,-66.096,-66.096,0,Jason_Peninsula
karelin_bay,1,45S,85.35913,85.35913,-66.40026,-66.40026,0,Karelin_Bay
kloa_point,1,40S,57.28023,57.28023,-66.64155,-66.64155,0,Kloa_Point
lazarev_ice_shelf,1,33S,14.766,14.766,-69.403,-69.403,0,Lazarev_Ice_Shelf
ledda_bay,1,09S,-130.956,-130.956,-74.429,-74.429,0,Ledda_Bay
luitpold_coast,1,25S,-33.471,-33.471,-77.279,-77.279,0,Luitpold_Coast
maui,1,04N,-156.46262,-156.46262,20.6366,20.6366,0,Maui
mertz_glacier,1,55S,146.00899,146.00899,-67.26631,-67.26631,0,Mertz_Glacier
mt_anne,1,55S,146.4114,146.4114,-42.9588,-42.9588,0,Mt_Anne
ninnis_bank,1,55S,149.66967,149.66967,-66.70636,-66.70636,0,Ninnis_Bank
noville_peninsula,1,14S,-98.464,-98.464,-71.758,-71.758,0,Noville_Peninsula
petersen_bank,1,49S,110.22411,110.22411,-65.86171,-65.86171,0,Petersen_Bank
pfrogner_point,1,16S,-89.977,-89.977,-72.566,-72.566,0,Pfrogner_Point
porpoise_bay,1,52S,129.95736,129.95736,-66.27953,-66.27953,0,Porpoise_Bay
posadowsky_bay,1,45S,89.80997,89.80997,-66.13231,-66.13231,0,Posadowsky_Bay
posession_island,1,39S,51.72553,51.72553,-46.40438,-46.40438,0,Posession_Island
ragnhild_coast,1,35S,27.055,27.055,-69.987,-69.987,0,Ragnhild_Coast
rapa_nui,1,12S,-109.4292,-109.4292,-27.1984,-27.1984,0,Rapa_Nui
riiser_larsen_ice_shelf,1,28S,-15.183,-15.183,-72.087,-72.087,0,Riiser_Larsen_Ice_Shelf
riiser_larsen_peninsula,1,36S,34.395,34.395,-68.762,-68.762,0,Riiser_Larsen_Peninsula
rothschild_island,1,18S,-72.29,-72.29,-69.519,-69.519,0,Rothschild_Island
rupert_coast,1,07S,-142.774,-142.774,-75.386,-75.386,0,Rupert_Coast
sabrina_coast,1,51S,121.06195,121.06195,-66.15531,-66.15531,0,Sabrina_Coast
sanae,1,30S,-1.361,-1.361,-69.9127,-69.9127,0,SANAE
scullin_monolith,1,42S,66.7189,66.7189,-67.7935,-67.7935,0,Scullin_Monolith
shackleton_ice_shelf,1,46S,95.93193,95.93193,-64.91983,-64.91983,0,Shackleton_Ice_Shelf
smith_peninsula,1,20S,-60.874,-60.874,-74.379,-74.379,0,Smith_Peninsula
smyley_island,1,17S,-78.811,-78.811,-72.304,-72.304,0,Smyley_Island
snow_hill_island,1,21S,-57.441,-57.441,-64.516,-64.516,0,Snow_Hill_Island
stancomb_wills,1,27S,-23.36,-23.36,-74.004,-74.004,0,Stancomb_Wills
taylor_glacier,1,41S,60.88237,60.88237,-67.45288,-67.45288,0,Taylor_Glacier
thurston_glacier,1,10S,-125.561,-125.561,-73.48,-73.48,0,Thurston_Glacier
umebosi_rock,1,38S,43.075,43.075,-68.046,-68.046,0,Umebosi_Rock
vanhoeffen,1,45S,86.48111,86.48111,-66.06385,-66.06385,0,Vanhoeffen
verdi_inlet,1,18S,-74.803,-74.803,-71.547,-71.547,0,Verdi_Inlet
verleger_point,1,08S,-136.083,-136.083,-74.707,-74.707,0,Verleger_Point
west_ice_shelf,1,44S,81.48423,81.48423,-66.26142,-66.26142,0,West_Ice_Shelf
yule_bay,1,58S,166.53183,166.53183,-70.72256,-70.72256,0,Yule_Bay
